부산강서구육아종합지원센터,http://bgscc.or.kr
경기양평군육아종합지원센터,http://www.ypscc.or.kr/
인천남동구육아종합지원센터,https://www.ndscc.or.kr/index.asp
전남광양시육아종합지원센터,https://childcare.gwangyang.go.kr/
광주서구육아종합지원센터,https://gjsgscc.or.kr/
광주동구육아종합지원센터,https://blog.naver.com/kjdgscc
충북진천군육아종합지원센터,https://www.jcicare.or.kr/
경북안동시육아종합지원센터,http://www.adeducare.or.kr/
경기안성시육아종합지원센터,https://www.ans.or.kr/main/index.php
강원춘천시육아종합지원센터,http://www.cchildcare.or.kr/
경북상주시육아종합지원센터,http://www.sjchildcare.or.kr/pages/index.htm
전남여수시육아종합지원센터,http://yeosuchildcare.or.kr/bbs/landing.php
충남아산시육아종합지원센터,http://asanscc.or.kr/
충북제천시육아종합지원센터,http://www.jcicare.com/
강원원주시육아종합지원센터,http://www.wjeducare.or.kr
경기가평군육아종합지원센터,http://www.gpicare.or.kr
경기여주시육아종합지원센터,http://yeojucare.or.kr
울산북구육아종합지원센터,http://bukguscc.or.kr
대전대덕구육아종합지원센터,http://www.daedeokchildcare.or.kr
부산북구육아종합지원센터,http://bbgscc.or.kr
경남양산시육아종합지원센터,http://www.yangsan.go.kr/childcare/main.do
경남거제시육아종합지원센터,http://childcare.geoje.go.kr/
부산수영구육아종합지원센터,http://www.bsyscc.or.kr/
충북충주시육아종합지원센터,http://cjicare.or.kr/index.asp
경북김천시육아종합지원센터,http://gc.go.kr/childcare/pages/index.htm
전남순천시육아종합지원센터,http://main.suncheon.go.kr/childcare/
경기포천시육아종합지원센터,http://www.pocheonscc.or.kr/
부산연제구육아종합지원센터,http://yjscfc.or.kr/#
부산동래구육아종합지원센터,http://bdscc.or.kr/
부산해운대구육아종합지원센터,http://ecohud.or.kr/
경기하남시육아종합지원센터,http://www.hnchildcare.or.kr/
울산동구육아종합지원센터,http://www.udscc.or.kr/
제주서귀포시육아종합지원센터,http://www.sgpchildcare.or.kr/
울산울주군육아종합지원센터,http://www.uljukids.or.kr/
경북문경시육아종합지원센터,http://www.mgcare.or.kr
경기광주시육아종합지원센터,http://www.gjchildcare.or.kr/
대구동구육아종합지원센터,http://www.dgicare.kr
경기수원시동부육아종합지원센터,http://ytchildcare.or.kr/
경기오산시육아종합지원센터,https://www.osanchild.or.kr/index.asp
울산중구육아종합지원센터,http://www.jgicare.or.kr/
경기남양주시육아종합지원센터,http://www.nyjscc.kr
전북익산시육아종합지원센터,http://childcare.iksan.go.kr/
부산기장군육아종합지원센터,http://gijangchild.or.kr
경남합천군육아종합지원센터,http://hc4children.or.kr/
전북고창군육아종합지원센터,http://www.gochang.go.kr/childcare/index.gochang
충북청주시육아종합지원센터,http://cjkids.or.kr/
인천연수구육아종합지원센터,http://www.ys-scc.com
세종특별자치시육아종합지원센터,http://sejong.childcare.go.kr
경기김포시육아종합지원센터,http://www.gpchildcare.or.kr
경기용인시육아종합지원센터,http://www.yicare.or.kr
전북전주시육아종합지원센터,http://www.jeonjuscc.or.kr
서울중구육아종합지원센터,http://www.jgkids.or.kr
부산부산진구육아종합지원센터,http://bjscfc.or.kr
부산사상구육아종합지원센터,https://www.sasangicare.kr/
경기구리시육아종합지원센터,http://www.guricenter.go.kr/
전북군산시육아종합지원센터,http://www.hwgunsan.or.kr
인천서구육아종합지원센터,http://isscc.or.kr
경기과천시육아종합지원센터,http://www.educaregc.or.kr
인천계양구육아종합지원센터,http://www.gyboyuk.go.kr/
경기양주시육아종합지원센터,http://www.yjscic.or.kr/
울산남구육아종합지원센터,http://www.namgui.or.kr/
서울용산구육아종합지원센터,http://www.ysccic.or.kr
경기파주시육아종합지원센터,http://www.pajuscc.or.kr/
서울강북구육아종합지원센터,http://childcare.gangbuk.go.kr/
서울양천구육아종합지원센터,http://www.ychccic.or.kr/
서울서대문구육아종합지원센터,http://www.sdmccic.or.kr
서울중랑구육아종합지원센터,http://www.jccic.or.kr/main/main.php
인천미추홀구육아종합지원센터,http://nccic.or.kr
서울영등포구육아종합지원센터,http://www.ydpccic.or.kr
경기광명시육아종합지원센터,http://www.gmscc.or.kr/
서울은평구육아종합지원센터,http://www.epmjuccic.co.kr/
서울송파구육아종합지원센터,http://www.spscc.or.kr/
충남천안시육아종합지원센터,http://www.ceic.or.kr
서울구로구육아종합지원센터,http://guroccic.guro.go.kr
중앙육아종합지원센터,http://central.childcare.go.kr/
경남창원시육아종합지원센터,http://ec.changwon.go.kr/
경남진주시육아종합지원센터,https://www.jinju.go.kr/care.web
경상남도육아종합지원센터,http://gyeongnam.childcare.go.kr
경북포항시육아종합지원센터,http://www.phcare.or.kr/
경상북도육아종합지원센터,http://gyeongbuk.childcare.go.kr
전라남도육아종합지원센터,http://jeonnam.childcare.go.kr
전라북도육아종합지원센터,http://jeonbuk.childcare.go.kr
충청남도육아종합지원센터,http://chungnam.childcare.go.kr
충청북도육아종합지원센터,http://chungbuk.childcare.go.kr
강원강릉시육아종합지원센터,http://kneducare.or.kr
경기도북부육아종합지원센터,http://gyeongginorth.childcare.go.kr
경기화성시육아종합지원센터,http://hsicare.or.kr
경기평택시육아종합지원센터,http://www.ptct.or.kr
경기이천시육아종합지원센터,http://www.goodcare.or.kr
경기의정부시육아종합지원센터,http://icare.or.kr
경기의왕시육아종합지원센터,http://uweducare.or.kr
경기안양시육아종합지원센터,https://www.aycteducare.go.kr/
경기안산시육아종합지원센터,http://ansanbo6.or.kr
경기시흥시육아종합지원센터,http://shccic.net
경기수원시육아종합지원센터,http://swchildcare.or.kr/
경기성남시육아종합지원센터,http://sneducare.or.kr
경기부천시육아종합지원센터,http://bucheoni.or.kr/
경기군포시육아종합지원센터,http://www.gpscc.or.kr
경기고양시육아종합지원센터,http://echild.or.kr
경기도육아종합지원센터,http://gyeonggi.childcare.go.kr
울산광역시육아종합지원센터,http://ulsan.childcare.go.kr
대전광역시육아종합지원센터,http://daejeon.childcare.go.kr
광주광역시육아종합지원센터,http://gwangju.childcare.go.kr
인천부평구육아종합지원센터,http://www.bpscc.or.kr/
인천광역시육아종합지원센터,http://incheon.childcare.go.kr
대구광역시육아종합지원센터,http://daegu.childcare.go.kr
부산광역시육아종합지원센터,http://busan.childcare.go.kr
서울종로구육아종합지원센터,http://www.jnccic.or.kr
서울성북구육아종합지원센터,https://www.gongdan.go.kr/childCare/main/main.do
서울성동구육아종합지원센터,http://ccic.sd.go.kr/
서울서초구육아종합지원센터,http://youngua.seocho.go.kr
서울마포구육아종합지원센터,http://mcic.or.kr
서울동작구육아종합지원센터,http://dccic.go.kr
서울동대문구육아종합지원센터,http://ddmccic.or.kr
서울도봉구육아종합지원센터,http://doccic.go.kr
서울노원구육아종합지원센터,https://www.nwscc.or.kr/
서울금천구육아종합지원센터,http://happycare.or.kr
서울광진구육아종합지원센터,http://gjcare.go.kr
서울관악구육아종합지원센터,http://www.gwanak.go.kr/site/educare/main.do
서울강서구육아종합지원센터,http://gskids.or.kr
서울강동구육아종합지원센터,http://www.gdkids.or.kr/
서울강남구육아종합지원센터,http://gncare.go.kr
서울특별시육아종합지원센터,http://seoul.childcare.go.kr
강원도육아종합지원센터,http://gangwon.childcare.go.kr/
제주특별자치도육아종합지원센터,http://jeju.childcare.go.kr/
